{
  "distribution": {
    "macro_mean_f1": 0.3876904583258608,
    "macro_mean_iou": 0.2662825094071549,
    "macro_median_f1": 0.4860956386837447,
    "macro_median_iou": 0.32153031195137594,
    "micro_f1": 0.4852131867466994,
    "micro_iou": 0.3203178047903713,
    "micro_minus_macro_mean_f1": 0.09752272842083859
  },
  "generalization": {
    "delta_test_minus_validation": {
      "accuracy": -0.028671975935766092,
      "f1": 0.06191022015010983,
      "iou": 0.051843292801939,
      "precision": -0.020238171665135418,
      "recall": 0.1836122758289765
    },
    "official_test_micro": {
      "accuracy": 0.9336565152751715,
      "f1": 0.4852131867466994,
      "iou": 0.3203178047903713,
      "precision": 0.40503968955445,
      "recall": 0.6049586049523187
    },
    "validation": {
      "accuracy": 0.9623284912109376,
      "f1": 0.42330296659658956,
      "iou": 0.2684745119884323,
      "precision": 0.42527786121958544,
      "recall": 0.4213463291233422
    }
  },
  "integrity": {
    "checkpoint_epoch": 24,
    "checkpoint_sha256": "61e53ba86bc108d6ccbbb636c8da88c967e07da41471504878c74df6a903ea94",
    "first_result_file_was_overwritten": true,
    "identical_console_metrics_reported": true,
    "reported_full_evaluation_invocations": 2,
    "test_data_used_for_tuning": false,
    "test_result_sha256": "e45e6265608707e3d1e439737bca59e9fde10010dd8c73cca420d7881bb9a8f9",
    "threshold": 0.76,
    "validation_summary_sha256": "5ec8048ecbb34247b26738a786576a8d5fcbe48e797aa82e10a9802f0203274d"
  },
  "regions": [
    {
      "accuracy": 0.9536345939643776,
      "change_prevalence": 0.06794499443073816,
      "dominant_error": "false_positive_dominant",
      "evaluated_pixels": 192126,
      "f1": 0.7051697888396108,
      "false_discovery_fraction": 0.3791958041958042,
      "false_negative": 2401,
      "false_negative_rate_all_pixels": 0.012497007172376461,
      "false_positive": 6507,
      "false_positive_rate_all_pixels": 0.033868398863245996,
      "height": 426,
      "iou": 0.5446040590971831,
      "miss_rate": 0.1839282978397426,
      "patch_count": 4,
      "precision": 0.6208041958041958,
      "precision_recall_gap": -0.1952675063560616,
      "predicted_change_fraction": 0.0893163861216077,
      "prediction_bias": "overprediction",
      "prediction_to_truth_ratio": 1.31453960471886,
      "rank": 1,
      "rank_tier": "top",
      "recall": 0.8160717021602574,
      "region": "montpellier",
      "total_error_rate": 0.046365406035622454,
      "true_negative": 172565,
      "true_positive": 10653,
      "width": 451
    },
    {
      "accuracy": 0.9369287980691002,
      "change_prevalence": 0.07673089439713619,
      "dominant_error": "false_positive_dominant",
      "evaluated_pixels": 589984,
      "f1": 0.6515269284436661,
      "false_discovery_fraction": 0.43449352169460115,
      "false_negative": 10484,
      "false_negative_rate_all_pixels": 0.01776997342300808,
      "false_positive": 26727,
      "false_positive_rate_all_pixels": 0.04530122850789174,
      "height": 824,
      "iou": 0.4831590205147437,
      "miss_rate": 0.23158824828804947,
      "patch_count": 12,
      "precision": 0.5655064783053989,
      "precision_recall_gap": -0.20290527340655162,
      "predicted_change_fraction": 0.10426214948201985,
      "prediction_bias": "overprediction",
      "prediction_to_truth_ratio": 1.3588027391208306,
      "rank": 2,
      "rank_tier": "top",
      "recall": 0.7684117517119505,
      "region": "lasvegas",
      "total_error_rate": 0.06307120193089982,
      "true_negative": 517987,
      "true_positive": 34786,
      "width": 716
    },
    {
      "accuracy": 0.9704841020893553,
      "change_prevalence": 0.02581286901027689,
      "dominant_error": "false_positive_dominant",
      "evaluated_pixels": 203077,
      "f1": 0.5457025920873124,
      "false_discovery_fraction": 0.5472837022132797,
      "false_negative": 1642,
      "false_negative_rate_all_pixels": 0.008085602997877653,
      "false_positive": 4352,
      "false_positive_rate_all_pixels": 0.02143029491276708,
      "height": 433,
      "iou": 0.37523452157598497,
      "miss_rate": 0.3132392216711179,
      "patch_count": 4,
      "precision": 0.45271629778672035,
      "precision_recall_gap": -0.23404448054216181,
      "predicted_change_fraction": 0.03915756092516632,
      "prediction_bias": "overprediction",
      "prediction_to_truth_ratio": 1.516978252575353,
      "rank": 3,
      "rank_tier": "top",
      "recall": 0.6867607783288822,
      "region": "brasilia",
      "total_error_rate": 0.029515897910644733,
      "true_negative": 193483,
      "true_positive": 3600,
      "width": 469
    },
    {
      "accuracy": 0.9236523959621753,
      "change_prevalence": 0.05687002088071393,
      "dominant_error": "false_positive_dominant",
      "evaluated_pixels": 150378,
      "f1": 0.5366641107389322,
      "false_discovery_fraction": 0.590250816540334,
      "false_negative": 1903,
      "false_negative_rate_all_pixels": 0.012654776629560174,
      "false_positive": 9578,
      "false_positive_rate_all_pixels": 0.06369282740826451,
      "height": 353,
      "iou": 0.36674020959735243,
      "miss_rate": 0.22252104770813844,
      "patch_count": 4,
      "precision": 0.409749183459666,
      "precision_recall_gap": -0.3677297688321956,
      "predicted_change_fraction": 0.10790807165941826,
      "prediction_bias": "overprediction",
      "prediction_to_truth_ratio": 1.8974508886810104,
      "rank": 4,
      "rank_tier": "middle",
      "recall": 0.7774789522918616,
      "region": "rio",
      "total_error_rate": 0.07634760403782469,
      "true_negative": 132248,
      "true_positive": 6649,
      "width": 426
    },
    {
      "accuracy": 0.9100722209995191,
      "change_prevalence": 0.09922032295665925,
      "dominant_error": "false_negative_dominant",
      "evaluated_pixels": 490716,
      "f1": 0.5138103894673057,
      "false_discovery_fraction": 0.4458123395760053,
      "false_negative": 25371,
      "false_negative_rate_all_pixels": 0.051702002787763185,
      "false_positive": 18758,
      "false_positive_rate_all_pixels": 0.03822577621271774,
      "height": 774,
      "iou": 0.3457233086719943,
      "miss_rate": 0.5210827907740968,
      "patch_count": 12,
      "precision": 0.5541876604239947,
      "precision_recall_gap": 0.0752704511980915,
      "predicted_change_fraction": 0.0857440963816138,
      "prediction_bias": "underprediction",
      "prediction_to_truth_ratio": 0.8641787672780299,
      "rank": 5,
      "rank_tier": "middle",
      "recall": 0.4789172092259032,
      "region": "dubai",
      "total_error_rate": 0.08992777900048093,
      "true_negative": 423269,
      "true_positive": 23318,
      "width": 634
    },
    {
      "accuracy": 0.9294948630136987,
      "change_prevalence": 0.0721117042707494,
      "dominant_error": "false_negative_dominant",
      "evaluated_pixels": 397120,
      "f1": 0.4583808879001838,
      "false_discovery_fraction": 0.486165322230896,
      "false_negative": 16789,
      "false_negative_rate_all_pixels": 0.04227689363416599,
      "false_positive": 11210,
      "false_positive_rate_all_pixels": 0.028228243352135373,
      "height": 730,
      "iou": 0.2973373152307576,
      "miss_rate": 0.5862695114711737,
      "patch_count": 9,
      "precision": 0.513834677769104,
      "precision_recall_gap": 0.10010418924027764,
      "predicted_change_fraction": 0.05806305398871878,
      "prediction_bias": "underprediction",
      "prediction_to_truth_ratio": 0.8051821070642875,
      "rank": 6,
      "rank_tier": "middle",
      "recall": 0.4137304885288263,
      "region": "chongqing",
      "total_error_rate": 0.07050513698630137,
      "true_negative": 357273,
      "true_positive": 11848,
      "width": 544
    },
    {
      "accuracy": 0.9565716352635559,
      "change_prevalence": 0.007954358620236099,
      "dominant_error": "false_positive_dominant",