{
  "best_threshold_metrics": {
    "accuracy": 0.9418341064453125,
    "f1": 0.3235976747982483,
    "false_negative": 30965,
    "false_positive": 64334,
    "iou": 0.19303103433676277,
    "precision": 0.2616320440720762,
    "recall": 0.42402485072822305,
    "threshold": 0.24,
    "true_negative": 1520305,
    "true_positive": 22796
  },
  "checkpoint": {
    "epoch": 11,
    "path": "experiments/run_ablation_bce/checkpoints/last_model.pt",
    "sha256": "6a98a20e9d30510d7451aa6130dab79a4ba13d4ce364c69e19d49828b01c5aaa"
  },
  "default_threshold_metrics": {
    "accuracy": 0.9671868896484375,
    "f1": 0.0,
    "false_negative": 53761,
    "false_positive": 0,
    "iou": 0.0,
    "precision": 0.0,
    "recall": 0.0,
    "threshold": 0.5,
    "true_negative": 1584639,
    "true_positive": 0
  },
  "improvement_from_default": {
    "f1": 0.3235976747982483,
    "iou": 0.19303103433676277,
    "precision": 0.2616320440720762,
    "recall": 0.42402485072822305
  },
  "protocol": {
    "official_test_labels_accessed": false,
    "official_test_regions_accessed": false,
    "validation_regions": [
      "hongkong",
      "mumbai",
      "paris"
    ]
  },
  "search": {
    "evaluated_thresholds": 99,
    "maximum_threshold": 0.99,
    "minimum_threshold": 0.01,
    "objective": "f1",
    "positive_validation_pixels": 53761,
    "step": 0.01,
    "validation_pixels": 1638400
  }
}
